,quality
5409,3
4686,3
1893,3
459,3
899,3
2633,3
1299,3
2044,3
1852,3
3649,3
517,3
690,3
4864,3
832,3
3530,3
4906,3
3016,3
6344,3
3287,3
1469,3
1850,3
2339,3
3083,3
1374,3
4130,4
1369,4
1877,4
573,4
1881,4
5988,4
5812,4
4817,4
1239,4
3936,4
2505,4
1714,4
1467,4
2948,4
3836,4
3416,4
1788,4
2844,4
5313,4
6438,4
3380,4
4093,4
3945,4
3022,4
4874,4
2225,4
3158,4
4034,4
2095,4
3874,4
3029,4
3173,4
3289,4
3157,4
2240,4
2626,4
876,4
6477,4
2430,4
3082,4
79,4
1746,4
3678,4
4011,4
4519,4
1858,4
4620,4
2507,4
1775,4
3999,4
937,4
224,4
1233,4
872,4
1293,4
3140,4
703,4
3338,4
2641,4
4666,4
3004,4
1484,4
3176,4
2658,4
3978,4
5822,4
2258,4
1276,4
3251,4
4012,4
2286,4
3987,4
830,4
2892,4
4487,4
3248,4
5532,4
3845,4
18,4
41,4
2261,4
1423,4
2754,4
5852,4
4092,4
5177,4
5016,4
2751,4
1235,4
1803,4
4255,4
3917,4
199,4
2125,4
5821,4
833,4
4013,4
73,4
3301,4
1124,4
3979,4
5170,4
3824,4
1806,4
3753,4
3455,4
2547,4
5564,4
2098,4
5619,4
1849,4
1363,4
4188,4
1263,4
3307,4
4008,4
704,4
5500,4
5335,4
2379,4
1261,4
6378,4
1461,4
2652,4
5566,4
4102,4
1307,4
3971,4
5249,4
45,4
2962,4
1645,4
3715,4
38,4
5638,4
2893,4
1480,4
4131,4
2301,4
1189,4
6279,4
151,4
4649,4
3073,4
2628,4
2504,4
3523,4
1521,4
2592,4
161,4
261,4
1777,4
2590,4
3589,4
576,4
4417,4
2139,4
647,4
3718,4
6403,4
3550,4
1829,4
1697,4
3019,4
1482,4
6285,4
4778,4
6373,4
5478,4
266,4
6107,4
5369,4
4534,4
189,5
6054,5
337,5
5390,5
3239,5
1664,5
1611,5
6076,5
959,5
3775,5
5318,5
98,5
4561,5
728,5
2070,5
2305,5
3308,5
4296,5
2953,5
2491,5
3195,5
75,5
2242,5
5915,5
1871,5
1443,5
4396,5
447,5
2772,5
2056,5
6412,5
34,5
1022,5
2767,5
2243,5
424,5
3724,5
2166,5
5320,5
2876,5
3685,5
412,5
4095,5
4176,5
3995,5
4781,5
5405,5
4509,5
3272,5
4815,5
2230,5
3902,5
736,5
2613,5
725,5
2400,5
5955,5
419,5
3716,5
4899,5
1876,5
642,5
654,5
4919,5
5868,5
6452,5
182,5
454,5
5755,5
3680,5
3711,5
486,5
2640,5
3886,5
4069,5
1937,5
6218,5
6463,5
5618,5
1184,5
5984,5
5458,5
3054,5
2361,5
5550,5
17,5
3344,5
1207,5
825,5
1448,5
5951,5
4388,5
3559,5
1247,5
5315,5
2533,5
772,5
1780,5
5983,5
1251,5
5448,5
1736,5
5899,5
5835,5
4097,5
1579,5
2081,5
2712,5
11,5
673,5
5929,5
865,5
160,5
3541,5
186,5
3658,5
1347,5
5886,5
4128,5
179,5
4149,5
1,5
5814,5
1711,5
2308,5
3626,5
2595,5
4877,5
1523,5
1310,5
135,5
3927,5
786,5
3747,5
2470,5
4405,5
2000,5
1290,5
5476,5
1128,5
4061,5
6329,5
3655,5
2157,5
109,5
96,5
1790,5
4831,5
3247,5
3265,5
2545,5
6298,5
3624,5
5660,5
1562,5
411,5
1994,5
6136,5
1331,5
763,5
1262,5
5277,5
1428,5
392,5
1337,5
5516,5
1387,5
1229,5
656,5
1481,5
89,5
3278,5
1446,5
414,5
4941,5
6444,5
5966,5
274,5
3034,5
3694,5
5834,5
553,5
3053,5
4896,5
5621,5
1453,5
3885,5
28,5
3335,5
3456,5
771,5
1284,5
1487,5
1522,5
129,5
3842,5
2749,5
3491,5
587,5
2137,5
2333,5
2328,5
2163,5
2212,5
3957,5
879,5
2552,5
3489,5
5948,5
977,5
123,5
50,5
4123,5
1674,5
6248,5
769,5
3337,5
3095,5
3591,5
652,5
417,5
1824,5
5355,5
30,5
3841,5
4220,5
4241,5
5350,5
2059,5
519,5
1071,5
3483,5
610,5
4414,5
456,5
4927,5
1354,5
834,5
3358,5
1583,5
1382,5
4986,5
3479,5
2587,5
3675,5
2554,5
934,5
2268,5
4017,5
2446,5
3781,5
5754,5
5695,5
68,5
6026,5
2731,5
635,5
4419,5
1385,5
5491,5
1687,5
2871,5
5594,5
3026,5
893,5
6213,5
4249,5
791,5
3405,5
1260,5
48,5
4368,5
4063,5
2906,5
2872,5
5066,5
4003,5
6119,5
3509,5
2661,5
2677,5
717,5
1328,5
5697,5
1597,5
2806,5
3960,5
727,5
139,5
2727,5
5498,5
4518,5
2026,5
561,5
2612,5
6442,5
5002,5
1349,5
1809,5
4448,5
5387,5
6339,5
5475,5
4324,5
643,5
3840,5
5547,5
2810,5
2291,5
672,5
5312,5
967,5
1413,5
304,5
2169,5
4232,5
58,5
188,5
3607,5
793,5
2963,5
6235,5
61,5
987,5
2299,5
5299,5
692,5
4119,5
368,5
1518,5
1287,5
1485,5
682,5
5386,5
578,5
4497,5
5556,5
1370,5
5788,5
2355,5
5813,5
2140,5
5477,5
2067,5
2911,5
3538,5
1997,5
3647,5
848,5
5701,5
1355,5
5499,5
6002,5
6347,5
6142,5
3682,5
2280,5
2326,5
81,5
1848,5
3481,5
5880,5
3651,5
1178,5
1798,5
3375,5
1995,5
3916,5
3109,5
743,5
3600,5
3714,5
4446,5
3257,5
1548,5
1376,5
4410,5
1843,5
1344,5
3705,5
255,5
6212,5
5286,5
4337,5
2421,5
5998,5
677,5
3851,5
2647,5
6431,5
5459,5
2530,5
4563,5
5626,5
6047,5
716,5
4973,5
801,5
1381,5
1683,5
5606,5
3539,5
631,5
5434,5
3444,5
3100,5
3835,5
219,5
3091,5
2,5
5957,5
1361,5
4164,5
711,5
734,5
577,5
761,5
3925,5
2119,5
906,5
590,5
5640,5
3754,5
523,5
4889,5
6009,5
2693,5
2940,5
2219,5
2189,5
1420,5
843,5
593,5
5038,5
1872,5
3017,5
532,5
839,5
3940,5
4894,5
4029,5
664,5
3573,5
2508,5
863,5
1108,5
6032,5
6299,5
1720,5
5267,5
721,5
3726,5
2418,5
1246,5
5396,5
741,5
327,5
297,5
2750,5
4491,5
2954,5
2002,5
352,5
1447,5
253,5
263,5
2781,5
592,5
1437,5
6071,5
5651,5
3554,5
753,5
457,5
1391,5
1040,5
2528,5
4306,5
3169,5
2074,5
1633,5
5175,5
213,5
1227,5
1473,5
698,5
1873,5
3515,5
4191,5
5134,5
3537,5
4158,5
1702,5
22,5
3035,5
624,5
4146,5
6039,5
3737,5
6493,5
3843,5
1353,5
1533,5
2722,5
3555,5
991,5
3254,5
393,5
3446,5
4331,5
4510,5
5403,5
4064,5
5006,5
6055,5
4853,5
3786,5
1388,5
6103,5
5415,5
4696,5
5490,5
5129,5
5053,5
2903,5
5331,5
2011,5
3226,5
66,5
4197,5
594,5
3949,5
2179,5
155,5
3502,5
6120,5
3644,5
164,5
3710,5
1144,5
196,5
1968,5
4726,5
3203,5
2745,5
4053,5
4524,5
3993,5
6042,5
6483,5
6155,5
6450,5
1705,5
110,5
1159,5
4379,5
4512,5
394,5
1057,5
3859,5
1181,5
3366,5
5763,5
5663,5
5063,5
5366,5
993,5
3163,5
4994,5
4809,5
5534,5
3485,5
665,5
3410,5
820,5
1805,5
3207,5
3763,5
3030,5
4108,5
661,5
465,5
1783,5
1993,5
345,5
6319,5
4450,5
5997,5
3407,5
5563,5
3637,5
246,5
2765,5
3420,5
6427,5
629,5
1646,5
2016,5
4074,5
5620,5
5659,5
1677,5
6113,5
2320,5
2283,5
5734,5
3528,5
6147,5
3313,5
291,5
1739,5
3696,5
43,5
3160,5
5700,5
2606,5
2737,5
3764,5
3172,5
4428,5
64,5
2788,5
5444,5
4569,5
2834,5
1427,5
4869,5
5527,5
6419,5
3739,5
1119,5
485,5
1309,5
1231,5
3855,5
1719,5
5526,5
6104,5
88,5
1479,5
3807,5
1389,5
5970,5
2394,5
2282,5
4648,5
1986,5
3645,5
3379,5
5224,5
1690,5
2676,5
1786,5
4252,5
4213,5
1203,5
126,5
6132,5
2304,5
233,5
252,5
1860,5
689,5
9,5
2409,5
6349,5
5179,5
2294,5
1004,5
322,5
284,5
961,5
1099,5
3309,5
5365,5
6481,5
3534,5
3977,5
5709,5
4041,5
4169,5
687,5
924,5
3719,5
3271,5
2060,5
4475,5
5730,5
132,5
273,5
1866,5
4792,5
82,5
4399,5
4655,5
3692,5
176,5
2555,5
4420,5
3690,5
2646,5
1386,5
5524,5
25,5
5492,5
621,5
871,5
6265,5
1563,5
49,5
1721,5
2445,5
4096,5
431,5
4162,5
686,5
1336,5
2881,5
4253,5
713,5
240,5
5333,5
2984,5
5401,5
2510,5
2826,5
258,5
3857,5
3734,5
5919,5
4309,5
5422,5
4315,5
1701,5
4673,5
1556,5
5379,5
5466,5
6247,5
2393,5
6249,5
719,5
5389,5
1032,5
779,5
3699,5
3794,5
522,5
3542,5
2383,5
5778,5
668,5
396,5
4656,5
2512,5
1550,5
5844,5
752,5
1348,5
4672,5
2035,5
2546,5
5437,5
2004,5
1870,5
2764,5
4223,5
2653,5
3964,5
5328,5
6097,5
192,5
2232,5
5022,5
2644,5
731,5
5892,5
1610,5
6015,5
3540,5
2549,5
5629,5
218,5
5615,5
5121,5
3839,5
6141,5
3948,5
3471,5
5555,5
1703,5
3185,5
4551,5
2195,5
13,5
5818,5
3934,5
1800,5
1470,5
5682,5
195,5
2083,5
683,5
3930,5
3447,5
3274,5
21,5
5117,5
433,5
3771,5
4570,5
3279,5
3833,5
6038,5
2171,5
1225,5
1396,5
370,5
625,5
2423,5
4242,5
5361,5
3039,5
1306,5
260,5
849,5
2324,5
3802,5
1047,5
3826,5
1312,5
3356,5
785,5
1366,5
384,5
3804,5
6379,5
2027,5
1164,5
2642,5
3488,5
3790,5
1558,5
5973,5
221,5
5962,5
4246,5
851,5
1942,5
1438,5
636,5
812,5
136,5
5039,5
1401,5
201,5
3691,5
6268,5
5160,5
5889,5
5040,5
1729,5
4100,5
582,5
4145,5
5298,5
2309,5
5736,5
4993,5
3721,5
760,5
694,5
6271,5
675,5
3037,5
2296,5
1864,5
4049,5
688,5
5999,5
4895,5
15,5
2259,5
298,5
560,5
4378,5
6343,5
2273,5
555,5
2097,5
216,5
678,5
5995,5
4449,5
5308,5
1333,5
217,5
175,5
1254,5
462,5
1725,5
2064,5
5726,5
685,5
3662,5
4609,5
3906,5
1710,5
2105,5
367,5
1356,5
2416,5
1165,5
4918,5
4175,5
1509,5
4,5
4138,5
994,5
3701,5
6,5
5031,5
5797,5
1304,5
470,5
2785,5
1289,5
521,5
2262,5
4068,5
3201,5
4264,5
3920,5
2082,5
5520,5
4155,5
602,5
1551,5
5579,5
5162,5
671,5
3698,5
4310,5
1638,5
5910,5
862,5
1392,5
1792,5
1457,5
5309,5
3772,5
469,5
4722,5
3238,5
5043,5
3956,5
103,5
39,5
3457,5
227,5
1272,5
2001,5
4037,5
131,5
3500,5
5293,5
5051,5
5977,5
4891,5
1074,5
6164,5
2732,5
5347,5
4118,5
3616,5
739,5
1795,5
5345,5
2701,5
2715,5
4387,5
3689,5
5247,5
3881,5
1559,5
742,5
6066,5
3473,5
122,5
44,5
5614,5
1245,5
1731,5
83,5
1491,5
646,5
1717,5
4390,5
1464,5
10,5
3558,5
1971,5
2748,5
706,5
72,5
5802,5
163,5
722,5
2853,5
497,5
428,5
3135,5
4540,5
4090,5
1924,5
2928,5
4231,5
4043,5
6148,5
718,5
1241,5
478,5
1502,5
5926,5
3905,5
1256,5
5927,5
1415,5
4353,5
3901,5
2836,5
4879,5
90,5
4621,5
140,5
1560,5
6387,5
6260,5
615,5
4018,5
735,5
4060,5
3825,5
4195,5
2115,5
3364,5
5357,5
169,5
65,5
190,5
404,5
4030,5
80,5
1296,5
105,5
5784,5
6064,5
4496,5
3887,5
329,5
215,5
2264,5
1932,5
202,5
125,5
6491,5
6041,5
1288,5
2664,5
6205,5
2548,5
285,5
529,5
3679,5
933,5
4132,5
2155,5
3722,5
4361,5
147,5
4172,5
1990,5
1767,5
4554,5
5928,5
156,5
890,5
112,5
1365,5
4311,5
4552,5
3445,5
2312,5
3666,5
1819,5
6451,5
6251,5
1815,5
2574,5
783,5
483,5
5924,5
580,5
3674,5
4250,5
181,5
900,5
1572,5
531,5
5662,5
2922,5
143,5
4451,5
53,5
5719,5
6448,5
939,5
4020,5
1712,5
4703,5
5969,5
0,5
5352,5
2952,5
3003,5
4415,5
127,5
4044,5
4735,5
1582,5
5655,5
2744,5
3994,5
1840,5
4384,5
5528,5
1226,5
5853,5
819,5
778,5
4811,5
5122,5
158,5
4050,5
1634,5
5964,5
2045,5
3474,5
93,5
3634,5
2130,5
5549,5
3522,5
461,5
229,5
2900,5
758,5
5523,5
3124,5
2703,5
5876,5
3546,5
3532,5
6211,5
4652,5
12,5
955,5
1700,5
545,5
2220,5
784,5
4925,5
4300,5
4329,5
2292,5
2327,5
1797,5
4430,5
981,5
4650,5
3423,5
3237,5
2463,5
1163,5
1773,5
63,5
2191,5
1740,5
1285,5
3355,5
3693,5
1668,5
5399,5
5356,5
3746,5
3143,5
2716,5
757,5
1561,5
3909,5
5994,5
733,5
2511,5
1882,5
1763,5
3712,5
2723,5
2524,5
5990,5
5837,5
3560,5
4360,5
3815,5
4192,5
4788,5
6065,5
4228,5
3672,5
5213,5
5855,5
3900,5
4007,5
4240,5
3490,5
3492,5
1816,5
399,5
3462,5
2229,5
124,5
3253,5
2006,5
4720,5
1567,5
6003,5
5426,5
87,5
203,5
3120,5
2365,5
2342,5
2030,5
3911,5
5311,5
4173,5
3390,5
1166,5
356,5
720,5
781,5
2684,5
3785,5
2247,5
2050,5
973,5
1037,5
4680,5
5752,5
5727,5
5637,5
5406,5
1525,5
299,5
4031,5
3166,5
60,5
4236,5
1708,5
138,5
289,5
3363,5
2206,5
5215,5
6471,5
3548,5
2916,5
3182,5
3664,5
5300,5
3709,5
1188,5
4676,5
1155,5
5553,5
3797,5
4148,5
4657,5
710,5
6380,5
3306,5
46,5
4200,5
3395,5
5028,5
1928,5
2415,5
5762,5
296,5
5431,5
4665,5
3343,5
4210,5
3493,5
6037,5
2298,5
1105,5
2450,5
2929,5
2717,5
1384,5
1796,5
1546,5
482,5
1752,5
3472,5
3302,5
3184,5
5749,5
5536,5
6291,5
2372,5
3367,5
2801,5
4868,5
165,5
6050,5
1350,5
3235,5
3255,5
4356,5
4112,5
4065,5
2238,5
2417,5
2746,5
5216,5
5925,5
5705,5
2223,5
222,5
3801,5
6014,5
2120,5
4354,5
3848,5
1761,5
1713,5
969,5
572,5
114,5
3505,5
930,5
795,5
5590,5
306,5
2740,5
1670,5
5419,5
5930,5
5364,5
1393,5
92,5
3613,5
2201,5
5854,5
435,5
611,5
4224,5
4873,5
3803,5
57,5
5107,5
5959,5
1553,5
5473,5
145,5
5991,5
2534,5
4301,5
3041,5
4837,5
1768,5
362,5
2316,5
975,5
3878,5
1581,5
1811,5
2670,5
6284,5
1734,5
6383,5
3832,5
835,5
2936,5
4141,5
4550,5
4160,5
2038,5
5881,5
1442,5
178,5
846,5
2672,5
4479,5
2514,5
1416,5
1861,5
137,5
2118,5
5975,5
55,5
1799,5
1152,5
3549,5
3665,5
4494,5
14,5
796,5
620,5
4320,5
2804,5
3310,5
3933,5
4393,5
3599,5
4504,5
3958,5
1637,5
6409,5
4286,5
767,5
4776,5
1635,5
4711,5
2123,5
4085,5
264,5
2256,5
1138,5
554,5
5226,5
705,5
1920,5
2733,5
1211,5
3704,5
2656,5
1828,5
4495,5
920,5
5815,5
1814,5
3486,5
3357,5
5731,5
3050,5
5472,5
5225,5
1232,5
5273,5
32,5
732,5
5080,5
3553,5
3646,5
4501,5
1308,5
712,5
883,5
1027,5
439,5
2297,5
3434,5
6187,5
2649,5
2458,5
5190,5
141,5
2645,5
2816,5
2912,5
6154,5
3638,5
1666,5
3014,5
2600,5
3984,5
4675,5
256,5
2937,5
525,5
2160,5
1913,5
1372,5
4021,5
1681,5
3387,5
3611,5
2257,5
5636,5
3520,5
1085,5
4476,5
1334,5
3121,5
4626,5
3038,5
1960,5
5204,5
1193,5
1483,5
5790,5
4639,5
2651,5
5725,5
6056,5
3168,5
1916,5
5438,5
180,5
4083,5
1776,5
3740,5
2867,5
4485,5
5351,5
2058,5
183,5
1539,5
6423,5
6224,5
3071,5
1486,5
751,5
581,5
1538,5
5413,5
2376,5
2029,5
2180,5
71,5
3750,5
2222,5
2578,5
2207,5
1851,5
3404,5
3064,5
5,5
4533,5
2636,5
4386,5
2843,5
565,5
6122,5
1430,5
928,5
2635,5
2848,5
5336,5
2068,5
1609,5
4860,5
651,5
3736,5
6096,5
670,5
247,5
3165,5
3389,5
1358,5
4888,5
4718,5
76,5
2134,5
5900,5
1732,5
5375,5
2061,5
3765,5
3033,5
3229,5
1012,5
5633,5
2525,5
1531,5
808,5
1191,5
6215,5
679,5
27,5
1613,5
56,5
5430,5
2279,5
4171,5
2049,5
1243,5
823,5
2319,5
5411,5
5560,5
1273,5
1807,5
4808,5
4094,5
2784,5
3345,5
524,5
5398,5
3872,5
5796,5
3067,5
1883,5
5989,5
3852,5
1097,5
257,5
4631,5
2473,5
4707,5
1465,5
5600,5
3702,5
1352,5
5101,5
5362,5
193,5
3292,5
5978,5
2539,5
360,5
3118,5
2583,5
1671,5
1419,5
321,5
644,5
2779,5
5136,5
2814,5
3482,5
23,5
3392,5
1303,5
1547,5
6278,5
6435,5
4099,5
2469,5
1933,5
463,5
6175,5
5317,5
1338,5
4730,5
2743,5
1009,5
2452,5
979,5
1492,5
810,5
3400,5
3187,5
3865,5
6342,5
4166,5
2008,5
3625,5
800,5
4400,5
272,5
4807,5
2456,5
707,5
2211,5
5669,5
5548,5
152,5
4079,5
540,5
157,5
3942,5
3937,5
4549,5
1383,5
1471,5
4755,5
6328,5
818,5
3179,5
4678,5
6106,5
3285,5
962,5
3671,5
6079,5
2214,5
2660,5
1458,5
5285,5
562,5
4498,5
3928,5
5856,5
5321,5
1493,5
4635,5
5824,5
1095,5
5895,6
3706,6
2650,6
2065,6
1215,6
1498,6
5545,6
6353,6
2593,6
5218,6
571,6
5135,6
2894,6
6146,6
2655,6
171,6
558,6
1823,6
971,6
2616,6
1510,6
3795,6
1663,6
1015,6
2461,6
663,6
5668,6
385,6
5911,6
184,6
2104,6
2043,6
6410,6
4434,6
957,6
2752,6
1998,6
232,6
1782,6
1791,6
310,6
1224,6
5887,6
6202,6
2340,6
4198,6
2363,6
2921,6
1751,6
1981,6
888,6
2942,6
5501,6
1580,6
4477,6
3189,6
4134,6
3477,6
3047,6
3908,6
794,6
3697,6
6233,6
1340,6
3967,6
6434,6
2878,6
4298,6
6168,6
4036,6
5105,6
4186,6
1136,6
5542,6
2359,6
4229,6
1890,6
999,6
5407,6
4623,6
5863,6
4960,6
2805,6
6153,6
3796,6
5904,6
6474,6
402,6
1041,6
5945,6
3056,6
3438,6
3595,6
3619,6
666,6
5650,6
3097,6
5559,6
4694,6
6375,6
4849,6
6330,6
3951,6
2622,6
4365,6
5145,6
5380,6
245,6
2540,6
5627,6
5222,6
3779,6
877,6
2789,6
3717,6
2341,6
4105,6
1857,6
3114,6
3654,6
5898,6
3010,6
3228,6
1716,6
909,6
4998,6
2586,6
4630,6
2096,6
2739,6
1902,6
4763,6
2927,6
4866,6
5847,6
3334,6
1044,6
3853,6
4089,6
2226,6
2582,6
3224,6
4610,6
2856,6
51,6
3311,6
607,6
6437,6
3496,6
344,6
3587,6
1592,6
4260,6
1114,6
3484,6
5064,6
2089,6
5897,6
3155,6
5169,6
2965,6
84,6
3145,6
5297,6
4545,6
4858,6
1517,6
3346,6
5616,6
4643,6
3924,6
3639,6
4893,6
1021,6
4996,6
4615,6
1625,6
1524,6
1662,6
617,6
776,6
3371,6
6389,6
5207,6
5001,6
254,6
5949,6
6180,6
1129,6
700,6
1587,6
3577,6
4647,6
2290,6
6348,6
2734,6
31,6
3504,6
2839,6
311,6
2132,6
5100,6
3642,6
1574,6
5688,6
1060,6
1432,6
5025,6
3150,6
1862,6
2799,6
210,6
2719,6
3584,6
3221,6
3402,6
1341,6
1853,6
866,6
3058,6
1161,6
2604,6
533,6
1982,6
3148,6
6430,6
3731,6
831,6
3525,6
1182,6
6199,6
95,6
6176,6
1605,6
2227,6
148,6
6045,6
1048,6
354,6
2956,6
3199,6
6035,6
550,6
6017,6
5571,6
383,6
6031,6
564,6
4127,6
5667,6
500,6
6317,6
4304,6
1298,6
2345,6
234,6
1330,6
6421,6
915,6
2076,6
5961,6
667,6
1578,6
2281,6
3544,6
6488,6
3929,6
359,6
5212,6
1439,6
4857,6
6024,6
3116,6
1434,6
3535,6
1379,6
1707,6
1958,6
5252,6
2464,6
4667,6
2665,6
2766,6
2204,6
1779,6
6494,6
5486,6
3635,6
4027,6
1863,6
1529,6
3122,6
4237,6
3250,6
3919,6
1506,6
881,6
2366,6
4829,6
754,6
4806,6
1380,6
5647,6
6123,6
1280,6
842,6
1535,6
2608,6
1327,6
2605,6
6185,6
5920,6
2040,6
231,6
546,6
4723,6
5689,6
814,6
241,6
6160,6
4574,6
5391,6
177,6
5131,6
4072,6
3450,6
418,6
1885,6
2711,6
6053,6
3128,6
4523,6
3459,6
3089,6
4768,6
1033,6
6453,6
2803,6
2101,6
2335,6
5141,6
1039,6
3060,6
4944,6
4032,6
2408,6
3435,6
4897,6
5198,6
4901,6
3397,6
4713,6
5632,6
3475,6
1957,6
6112,6
2073,6
5604,6
4381,6
479,6
3043,6
1965,6
2266,6
6143,6
173,6
612,6
2386,6
2868,6
1617,6
2175,6
3921,6
4278,6
3107,6
4547,6
4596,6
4376,6
817,6
5715,6
5958,6
774,6
4001,6
2429,6
3890,6
3463,6
5074,6
5601,6
4813,6
3262,6
2380,6
2992,6
5154,6
4573,6
6191,6
5109,6
6464,6
2476,6
4513,6
3800,6
4227,6
1110,6
5214,6
3868,6
5512,6
317,6
4075,6
3406,6
5694,6
5661,6
965,6
1234,6
4738,6
3164,6
5862,6
1774,6
6478,6
2054,6
2231,6
3953,6
856,6
6167,6
2047,6
1014,6
4313,6
6061,6
2986,6
332,6
6172,6
2330,6
2941,6
2406,6
91,6
3419,6
3175,6
1653,6
570,6
3866,6
1149,6
2295,6
5007,6
5488,6
452,6
1499,6
1954,6
1595,6
1301,6
551,6
1969,6
936,6
5541,6
1926,6
3454,6
2498,6
1495,6
547,6
1694,6
1822,6
2311,6
5587,6
2760,6
1314,6
3574,6
6018,6
4758,6
5337,6
2597,6
6303,6
3209,6
6070,6
5262,6
3328,6
1897,6
6424,6
5711,6
566,6
4258,6
5248,6
4111,6
6137,6
534,6
4664,6
4028,6
4038,6
2146,6
4366,6
6074,6
1435,6
5943,6
6404,6
391,6
6092,6
6322,6
4024,6
1199,6
5750,6
1514,6
5418,6
1174,6
3896,6
3950,6
5912,6
2780,6
4750,6
3222,6
5024,6
1175,6
2161,6
1765,6
5483,6
1324,6
2448,6
3688,6
4984,6
527,6
921,6
2420,6
3078,6
2188,6
2255,6
5046,6
6194,6
4962,6
6111,6
2021,6
269,6
4464,6
6406,6
2088,6
4418,6
4178,6
6468,6
236,6
520,6
6346,6
4575,6
3408,6
5845,6
6490,6
3138,6
4459,6
4174,6
5408,6
1222,6
2895,6
1900,6
867,6
4297,6
460,6
4147,6
6189,6
2521,6
4532,6
3700,6
5584,6
3252,6
4719,6
4747,6
4613,6
5849,6
2228,6
427,6
6157,6
1941,6
5023,6
3816,6
3074,6
4234,6
1317,6
2939,6
1904,6
4522,6
4291,6
119,6
2293,6
4283,6
1868,6
2991,6
859,6
6023,6
3959,6
1281,6
6324,6
1268,6
549,6
2813,6
6429,6
2116,6
1735,6
847,6
1865,6
4654,6
2617,6
2077,6
926,6
5602,6
559,6
2759,6
1063,6
1672,6
1431,6
2982,6
2020,6
1679,6
493,6
6405,6
3186,6
5721,6
2129,6
764,6
5033,6
3329,6
1141,6
790,6
2537,6
1342,6
2422,6
512,6
5420,6
1744,6
3245,6
745,6
4323,6
1220,6
5374,6
1557,6
341,6
2899,6
4937,6
574,6
2983,6
1585,6
3133,6
280,6
6432,6
1953,6
5743,6
1197,6
1096,6
1395,6
5126,6
5681,6
537,6
6277,6
6261,6
1092,6
770,6
5302,6
315,6
5073,6
4357,6
2018,6
1623,6
1748,6
6408,6
2495,6
3743,6
6105,6
4759,6
5538,6
869,6
3147,6
2678,6
343,6
2348,6
892,6
5605,6
6068,6
1706,6
2103,6
5468,6
1685,6
3156,6
2573,6
1770,6
4855,6
4952,6
6325,6
897,6
1532,6
1527,6
376,6
6306,6
6094,6
3433,6
42,6
3732,6
960,6
5878,6
4468,6
4279,6
1951,6
5617,6
4109,6
3938,6
2122,6
4435,6
4259,6
5316,6
250,6
5739,6
3673,6
3469,6
287,6
307,6
1869,6
508,6
5576,6
2618,6
6326,6
1267,6
1223,6
6043,6
3297,6
2889,6
5077,6
3115,6
5699,6
3877,6
5462,6
4452,6
1570,6
6124,6
4411,6
4204,6
3745,6
3947,6
5157,6
2144,6
2117,6
861,6
2579,6
6183,6
982,6
2884,6
2496,6
5883,6
3299,6
4040,6
5421,6
5941,6
1472,6
746,6
3273,6
197,6
912,6
3369,6
2923,6
5993,6
3085,6
1265,6
4285,6
2773,6
4812,6
20,6
6130,6
6044,6
1755,6
6295,6
1169,6
5582,6
4681,6
1179,6
4052,6
2846,6
1830,6
69,6
6333,6
2313,6
660,6
1194,6
992,6
29,6
5148,6
3106,6
5696,6
3341,6
438,6
4577,6
567,6
3464,6
1425,6
2648,6
1259,6
2107,6
4565,6
5495,6
4865,6
6006,6
4261,6
5670,6
1286,6
6436,6
108,6
4982,6
3012,6
2768,6
605,6
762,6
3501,6
2891,6
3291,6
1142,6
5149,6
1537,6
1588,6
6289,6
4612,6
1311,6
5290,6
4239,6
2854,6
2747,6
3757,6
4741,6
5305,6
1542,6
436,6
1257,6
4633,6
1565,6
1604,6
3756,6
5124,6
2630,6
1812,6
6369,6
591,6
3517,6
910,6
3792,6
6370,6
5455,6
1575,6
4167,6
6382,6
1242,6
1023,6
4954,6
4658,6
6492,6
1875,6
1315,6
214,6
121,6
1643,6
2873,6
1844,6
3618,6
5902,6
4293,6
6281,6
1940,6
4632,6
6115,6
601,6
2099,6
3880,6
4774,6
5829,6
1103,6
468,6
1359,6
5493,6
5698,6
6209,6
1554,6
4484,6
6232,6
1659,6
2879,6
5143,6
5832,6
4163,6
5781,6
3783,6
5467,6
1426,6
212,6
349,6
4693,6
5735,6
3576,6
4560,6
3123,6
980,6
4005,6
5884,6
6081,6
6019,6
2902,6
5166,6
895,6
2596,6
2531,6
749,6
3139,6
3913,6
3894,6
2955,6
1573,6
5314,6
2334,6
2933,6
908,6
1615,6
2181,6
5742,6
2793,6
6140,6
1835,6
4748,6
3609,6
5011,6
4951,6
3733,6
3086,6
5332,6
4033,6
5710,6
2520,6
1357,6
5882,6
4196,6
3606,6
6240,6
1987,6
3196,6
2388,6
5611,6
6459,6
4401,6
4770,6
6090,6
6332,6
6126,6
3875,6
6269,6
6354,6
477,6
5447,6
2332,6
4932,6
2267,6
569,6
1216,6
1087,6
3476,6
1698,6
6239,6
5551,6
5565,6
2757,6
3990,6
4933,6
3996,6
1545,6
3557,6
1135,6
386,6
1460,6
5146,6
1652,6
2917,6
2156,6
2302,6
4539,6
6413,6
2009,6
2763,6
4832,6
552,6
799,6
2782,6
5496,6
4208,6
3105,6
2412,6
6127,6
2124,6
3943,6
970,6
4821,6
3867,6
2562,6
3593,6
6193,6
3598,6
2680,6
3025,6
699,6
3966,6
4642,6
2584,6
5164,6
6178,6
211,6
6310,6
4784,6
5457,6
5909,6
441,6
5798,6
3567,6
3621,6
2559,6
2724,6
3533,6
1367,6
2585,6
4929,6
4104,6
118,6
1794,6
5972,6
5208,6
2663,6
3437,6
5470,6
6098,6
1146,6
6048,6
2218,6
884,6
3838,6
3079,6
1825,6
2594,6
3847,6
5676,6
4135,6
3051,6
2196,6
4636,6
803,6
6184,6
1291,6
340,6
499,6
4082,6
3603,6
4947,6
886,6
4641,6
4317,6
4611,6
5861,6
4645,6
4782,6
5857,6
3751,6
983,6
2851,6
5820,6
5747,6
172,6
4608,6
4880,6
4749,6
3879,6
3333,6
5306,6
3339,6
1112,6
5376,6
3398,6
4339,6
1967,6
3142,6
3778,6
5439,6
5986,6
4047,6
5729,6
695,6
5588,6
4422,6
2858,6
5692,6
1608,6
397,6
5424,6
4453,6
4883,6
6480,6
102,6
3194,6
2691,6
5005,6
6040,6
4949,6
3276,6
6101,6
342,6
1956,6
708,6
3362,6
4878,6
2926,6
5805,6
223,6
3188,6
1715,6
3798,6
5568,6
4520,6
5956,6
4555,6
882,6
5674,6
3846,6
1682,6
5720,6
99,6
1230,6
2821,6
1778,6
780,6
4915,6
6118,6
5940,6
6075,6
5714,6
3266,6
3863,6
4920,6
5172,6
1831,6
4751,6
918,6
5869,6
347,6
6360,6
1297,6
2634,6
5679,6
4943,6
5680,6
5010,6
1530,6
276,6
2375,6
3592,6
1274,6
1898,6
4946,6
6223,6
6225,6
1101,6
3055,6
5284,6
3891,6
6033,6
5656,6
5097,6
2517,6
6288,6
2109,6
5027,6
1571,6
5070,6
1647,6
406,6
6357,6
5776,6
3876,6
5487,6
2497,6
1409,6
5896,6
2981,6
5479,6
6391,6
5301,6
3628,6
4548,6
4081,6
653,6
2888,6
6275,6
4137,6
726,6
5833,6
2769,6
235,6
5065,6
6398,6
5404,6
1630,6
1313,6
3183,6
4839,6
2433,6
5608,6
5144,6
4343,6
5573,6
3049,6
325,6
6367,6
748,6
1292,6
5537,6
2425,6
5402,6
2111,6
5971,6
2208,6
5240,6
4026,6
3171,6
3944,6
3399,6
3669,6
2057,6
985,6
388,6
816,6
3761,6
2468,6
1045,6
2306,6
4948,6
3663,6
1899,6
4460,6
5206,6
6186,6
5182,6
5465,6
2182,6
2315,6
5042,6
3382,6
5125,6
1011,6
1658,6
844,6
3631,6
2930,6
2700,6
5112,6
3167,6
2480,6
6034,6
336,6
3670,6
5708,6
5625,6
226,6
268,6
1959,6
1017,6
543,6
1943,6
5113,6
5901,6
6415,6
5058,6
5230,6
467,6
4939,6
4458,6
355,6
4794,6
5842,6
649,6
2216,6
365,6
4989,6
3834,6
3084,6
1171,6
998,6
3499,6
2914,6
4088,6
5873,6
1407,6
5775,6
5221,6
1158,6
4940,6
3374,6
2263,6
5767,6
5324,6
3997,6
3403,6
2603,6
4582,6
3627,6
3024,6
3518,6
6151,6
4143,6
5334,6
3411,6
894,6
1456,6
5211,6
4958,6
5229,6
1073,6
371,6
3604,6
3612,6
2477,6
5456,6
3470,6
2221,6
3529,6
3020,6
4098,6
5712,6
5623,6
6197,6
2998,6
2046,6
3849,6
1121,6
3008,6
33,6
2274,6
4091,6
1151,6
3192,6
1669,6
6340,6
3961,6
4746,6
4499,6
5624,6
1411,6
5253,6
6129,6
5981,6
2689,6
4928,6
2084,6
2951,6
6359,6
530,6
3556,6
4433,6
4604,6
5310,6
2988,6
5979,6
4022,6
6473,6
1026,6
6482,6
5518,6
4800,6
4820,6
2807,6
3516,6
756,6
4423,6
5529,6
5751,6
5687,6
3170,6
6188,6
579,6
2857,6
191,6
1454,6
3048,6
3336,6
5296,6
5657,6
3230,6
4517,6
6139,6
1117,6
729,6
2755,6
696,6
804,6
5828,6
4701,6
1054,6
4116,6
3946,6
5544,6
5585,6
1649,6
1180,6
4780,6
1912,6
3788,6
4923,6
3376,6
1754,6
5801,6
6149,6
556,6
2210,6
3144,6
4546,6
4474,6
1173,6
544,6
6222,6
4424,6
2346,6
4350,6
4930,6
6323,6
1627,6
5907,6
3381,6
911,6
4290,6
5808,6
2758,6
5239,6
1109,6
4314,6
4913,6
5922,6
5859,6
6335,6
1599,6
4107,6
2410,6
5059,6
6460,6
6417,6
2087,6
4966,6
4142,6
5607,6
1802,6
1139,6
2471,6
5093,6
3315,6
474,6
2100,6
2910,6
1316,6
3562,6
3119,6
5132,6
324,6
4950,6
3214,6
4734,6
3098,6
1168,6
3146,6
5846,6
2344,6
1185,6
1497,6
3293,6
86,6
3980,6
2938,6
3,6
3819,6
3820,6
372,6
3294,6
2203,6
5171,6
6392,6
5087,6
5515,6
1080,6
3810,6
2623,6
5827,6
5232,6
6192,6
2010,6
4389,6
6190,6
3752,6
1399,6
2007,6
3805,6
3316,6
4363,6
3348,6
878,6
6131,6
4753,6
923,6
6052,6
5771,6
2164,6
1094,6
1404,6
2877,6
2990,6
5737,6
3215,6
5839,6
1728,6
4144,6
4490,6
4571,6
3503,6
3193,6
5965,6
5035,6
2112,6
3982,6
1153,6
5967,6
3594,6
5425,6
1820,6
701,6
6049,6
4704,6
2762,6
4348,6
3342,6
2925,6
4835,6
528,6
3641,6
1463,6
3442,6
1914,6
3565,6
4488,6
380,6
489,6
1282,6
6466,6
6134,6
5848,6
6337,6
4970,6
1632,6
4614,6
1326,6
3480,6
932,6
6182,6
1808,6
1236,6
2385,6
5090,6
3268,6
4687,6
6318,6
4791,6
3162,6
3217,6
3269,6
1639,6
4345,6
5885,6
3831,6
1266,6
5454,6
2609,6
6479,6
2687,6
1709,6
3127,6
4010,6
3926,6
4362,6
2407,6
239,6
6243,6
5274,6
4292,6
2014,6
3023,6
4067,6
5111,6
6219,6
777,6
4508,6
3513,6
2275,6
2835,6
1082,6
1944,6
3687,6
1591,6
3373,6
4025,6
2389,6
3159,6
5613,6
277,6
5944,6
6028,6
4276,6
429,6
5677,6
1126,6
768,6
4627,6
1515,6
3686,6
4936,6
3791,6
4078,6
2069,6
1277,6
398,6
3332,6
3527,6
5323,6
2824,6
6181,6
4341,6
6206,6
1390,6
1195,6
4859,6
2329,6
5609,6
1339,6
4441,6
4463,6
4721,6
1154,6
3870,6
1600,6
2093,6
2360,6
4938,6
6334,6
4080,6
4743,6
5789,6
434,6
6086,6
1237,6
2695,6
6390,6
1789,6
788,6
2270,6
6159,6
5612,6
2729,6
5840,6
919,6
2307,6
159,6
4159,6
4110,6
2395,6
3466,6
6114,6
3057,6
5238,6
2404,6
4425,6
5451,6
6169,6
2861,6
2396,6
6091,6
5963,6
3349,6
3552,6
3417,6
1606,6
3510,6
3370,6
709,6
6321,6
2269,6
4709,6
5634,6
5186,6
6461,6
658,6
3856,6
4288,6
3684,6
2797,6
2254,6
5793,6
737,6
1654,6
2487,6
4638,6
1455,6
2859,6
4690,6
3744,6
4383,6
4326,6
5416,6
1689,6
4644,6
1552,6
5905,6
5417,6
150,6
4616,6
3998,6
6020,6
697,6
2085,6
1213,6
3045,6
2802,6
4752,6
1410,6
2199,6
1244,6
5251,6
3200,6
5807,6
35,6
1927,6
853,6
3495,6
2969,6
4404,6
1918,6
5432,6
2485,6
3814,6
6257,6
4810,6
3126,6
4333,6
5054,6
1170,6
2136,6
5030,6
1935,6
4275,6
5086,6
6297,6
4071,6
5400,6
2142,6
5850,6
2699,6
2913,6
1335,6
4983,6
2347,6
4514,6
5460,6
4201,6
1543,6
1441,6
6425,6
3197,6
935,6
1504,6
1596,6
1143,6
4625,6
312,6
5871,6
4965,6
3708,6
5597,6
5795,6
3643,6
2356,6
3955,6
1329,6
484,6
4129,6
6179,6
4974,6
1445,6
5690,6
1512,6
5558,6
6030,6
2168,6
6258,6
5244,6
6204,6
4691,6
1046,6
2091,6
4576,6
1020,6
6021,6
5589,6
4280,6
2756,6
6227,6
451,6
3234,6
5210,6
2174,6
5732,6
5358,6
2310,6
3601,6
2901,6
6283,6
6465,6
3426,6
5787,6
6381,6
5346,6
3524,6
2127,6
5469,6
6441,6
4168,6
3076,6
5800,6
2071,6
3817,6
1490,6
548,6
3975,6
4854,6
2200,6
1590,6
740,6
4767,6
449,6
2190,6
3059,6
3312,6
1569,6
2128,6
3448,6
1378,6
2403,6
4086,6
3922,6
5872,6
6416,6
6067,6
2976,6
4531,6
1601,6
2482,6
1598,6
3939,6
5691,6
5489,6
1741,6
5012,6
6069,6
4739,6
3325,6
1489,6
2246,6
1377,6
3494,6
4619,6
4887,6
5482,6
4588,6
3976,6
2374,6
4351,6
5015,6
387,6
3860,6
1275,6
3683,6
2062,6
1528,6
5201,6
251,6
6073,6
5085,6
3822,6
4218,6
6156,6
4845,6
2632,6
4316,6
1636,6
3136,6
535,6
5792,6
445,6
4461,6
2832,6
2500,6
2364,6
3216,6
1221,6
2819,6
4002,6
2042,6
2897,6
6315,6
6150,6
6259,6
3326,6
1834,6
1140,6
5982,6
2114,6
2829,6
2432,6
3236,6
1362,6
2730,6
2809,6
1642,6
1100,6
5392,6
4622,6
228,6
5241,6
4706,6
6238,6
448,6
2668,6
917,6
1325,6
6087,6
2303,6
2675,6
511,6
6350,6
4995,6
5370,6
6311,6
2121,6
4867,6
6445,6
3596,6
4440,6
597,6
2489,6
4689,6
2581,6
2862,6
3391,6
5187,6
1722,6
2794,6
2710,6
2494,6
4322,6
4015,6
2565,6
4822,6
5388,6
868,6
5445,6
3412,6
2563,6
5151,6
2252,6
4281,6
5440,6
5586,6
6470,6
5923,6
2126,6
4515,6
3065,6
3620,6
4671,6
1172,6
5987,6
6145,6
4618,6
6203,6
995,6
5199,6
2812,6
3174,6
5147,6
4442,6
2601,6
5809,6
100,6
4961,6
4006,6
6274,6
1302,6
3330,6
4189,6
5830,6
5535,6
1196,6
2629,6
293,6
3443,6
6374,6
773,6
5858,6
1198,6
563,6
6100,6
3318,6
608,6
1640,6
1520,6
681,6
5371,6
4289,6
5449,6
1641,6
1607,6
5453,6
829,6
4684,6
6110,6
3081,6
1931,6
5976,6
149,6
3061,6
3793,6
5165,6
5152,6
1686,6
4272,6
4830,6
5810,6
5168,6
6418,6
4506,6
1250,6
4087,6
5304,6
2287,6
5519,6
1936,6
1318,6
1319,6
3072,6
3190,6
5686,6
5242,6
4161,6
1934,6
5722,6
1911,6
3629,6
4581,6
1624,6
5227,6
4364,6
1018,6
6358,6
350,6
1034,6
568,6
5269,6
3974,6
3903,6
4439,6
2350,6
5903,6
5646,6
2241,6
989,6
3062,6
5713,6
2413,6
3808,6
5203,6
3259,6
6027,6
4922,6
5685,6
1915,6
3137,6
5867,6
1424,6
6062,6
5980,6
3409,6
3046,6
6472,6
1145,6
4056,6
1013,6
6376,6
604,6
5533,6
408,6
4046,6
1102,6
5003,6
292,6
2078,6
2553,6
6345,6
5108,6
5879,6
3465,6
6128,6
6396,6
2094,6
270,6
5359,6
1922,6
1894,6
1762,6
1947,6
5441,6
6292,6
2787,6
4975,6
1444,6
5181,6
1127,6
1065,6
77,6
5330,6
328,6
6195,6
5786,6
6231,6
4963,6
6089,6
4729,6
3512,6
4303,6
1842,6
6484,6
1576,6
3837,6
1371,6
4207,6
6016,6
1586,6
496,6
4346,6
5599,6
4712,6
1738,6
5780,6
1724,6
1270,6
1200,6
6455,6
1656,6
472,6
4863,6
5665,6
5968,6
630,6
4841,6
5395,6
5052,6
2185,6
3478,6
4640,6
6242,6
6280,6
1836,6
5464,6
5799,6
6331,6
1049,6
2978,6
1294,6
6152,6
6327,6
4294,6
5888,6
3748,6
5123,6
5234,6
6025,6
6440,6
4934,6
1906,6
3861,6
3622,6
1122,6
361,6
1118,6
6338,6
2013,6
3384,6
3340,6
5140,6
3811,6
3968,6
4355,6
1540,6
1084,6
5494,6
2141,6
516,6
2915,6
3280,6
410,6
2791,6
5096,6
2397,6
1187,6
3585,6
2673,6
4732,6
3125,6
1695,6
5741,6
1602,6
5678,6
4736,6
3727,6
5554,6
5908,6
6282,6
2681,6
674,6
168,6
4583,6
6300,6
1062,6
5874,6
4507,6
4077,6
2080,6
1364,6
305,6
374,6
4775,6
3871,6
1343,6
2351,6
5950,6
4066,6
2589,6
4745,6
5952,6
5740,6
614,6
2015,6
5658,6
2811,6
4370,6
309,6
450,6
3191,6
5480,6
1955,6
4790,6
3780,6
715,6
4827,6
4385,6
378,6
6125,6
3441,6
1083,6
249,6
2321,6
382,6
4103,6
4436,6
3497,6
1513,6
6308,6
162,6
1412,6
52,6
1258,6
639,6
4725,7
1878,7
6433,7
2318,7
5378,7
4598,7
6411,7
2683,7
4786,7
5841,7
5577,7
857,7
4019,7
4587,7
5653,7
606,7
4466,7
3284,7
5442,7
407,7
6276,7
2866,7
5233,7
5921,7
3052,7
5014,7
901,7
206,7
3507,7
5384,7
3232,7
2460,7
1111,7
1584,7
259,7
6267,7
4156,7
6366,7
805,7
3212,7
2019,7
501,7
3007,7
5339,7
2726,7
6356,7
986,7
1323,7
5768,7
5184,7
1162,7
4397,7
2440,7
503,7
858,7
6372,7
5511,7
1030,7
2162,7
4584,7
2643,7
4180,7
1541,7
4215,7
638,7
4437,7
5702,7
1450,7
5289,7
2931,7
3267,7
4471,7
1983,7
2053,7
1204,7
4715,7
4909,7
2048,7
3069,7
3498,7
4482,7
2974,7
5603,7
3432,7
4454,7
1098,7
2798,7
4740,7
1845,7
369,7
5782,7
5591,7
1974,7
904,7
941,7
5759,7
4607,7
1088,7
5429,7
5693,7
648,7
4183,7
5761,7
4942,7
1978,7
6217,7
1975,7
3954,7
5825,7
281,7
2467,7
1766,7
4457,7
5200,7
589,7
6414,7
2568,7
1125,7
6241,7
3319,7
2411,7
4861,7
5325,7
4797,7
2493,7
364,7
6246,7
3468,7
2602,7
4395,7
3899,7
4600,7
5254,7
366,7
4165,7
3131,7
5838,7
2580,7
2172,7
4840,7
3383,7
6272,7
4438,7
1279,7
4716,7
6162,7
2847,7
1747,7
1024,7
4336,7
3246,7
1887,7
7,7
1134,7
2251,7
4688,7
6485,7
6207,7
2370,7
1177,7
1691,7
3742,7
4493,7
2790,7
2985,7
874,7
2323,7
1919,7
4184,7
4674,7
6163,7
5084,7
5202,7
5946,7
5916,7
3506,7
836,7
3451,7
5270,7
1889,7
5580,7
2052,7
2728,7
2152,7
377,7
4979,7
5110,7
3809,7
2465,7
3904,7
5723,7
4222,7
5349,7
4586,7
1886,7
346,7
2106,7
1727,7
5341,7
2997,7
6305,7
5183,7
198,7
2248,7
806,7
1984,7
2823,7
4580,7
4182,7
978,7
4211,7
887,7
6102,7
2567,7
1675,7
4369,7
2253,7
443,7
4185,7
974,7
491,7
2994,7
1053,7
6177,7
2486,7
3018,7
3760,7
3449,7
2354,7
3720,7
2488,7
4152,7
4805,7
4783,7
6475,7
4193,7
4914,7
6384,7
2368,7
1855,7
6395,7
5641,7
1756,7
2825,7
2538,7
5342,7
6362,7
2840,7
5860,7
6428,7
2055,7
4591,7
929,7
3776,7
209,7
2721,7
423,7
1093,7
2031,7
3766,7
2869,7
1665,7
2034,7
6229,7
5009,7
3154,7
3208,7
3821,7
288,7
1036,7
2725,7
821,7
2187,7
5917,7
5913,7
966,7
1896,7
2447,7
4202,7
1612,7
2961,7
1692,7
6262,7
2439,7
2518,7
6230,7
3429,7
492,7
3514,7
873,7
5344,7
3350,7
2667,7
4799,7
4251,7
6309,7
4898,7
942,7
1917,7
6245,7
2072,7
5671,7
1644,7
4876,7
3031,7
1452,7
1016,7
952,7
357,7
6244,7
3453,7
4344,7
6256,7
2864,7
506,7
5174,7
5865,7
3388,7
5217,7
2441,7
1945,7
4818,7
3249,7
2707,7
3270,7
2358,7
4106,7
5178,7
5102,7
5546,7
950,7
5094,7
3036,7
5704,7
5506,7
4372,7
425,7
3827,7
2543,7
949,7
3648,7
5049,7
2260,7
5195,7
5764,7
3910,7
3615,7
5652,7
1058,7
5746,7
2666,7
5774,7
944,7
5192,7
4717,7
1001,7
3094,7
5505,7
2176,7
4892,7
4559,7
5078,7
4214,7
2875,7
2479,7
1651,7
6250,7
2795,7
389,7
5180,7
5167,7
2377,7
5906,7
5592,7
2108,7
5092,7
2428,7
1107,7
3368,7
3386,7
4624,7
5718,7
826,7
3768,7
6057,7
2706,7
2849,7
6228,7
3818,7
6010,7
413,7
3243,7
3352,7
5738,7
3889,7
802,7
5246,7
4226,7
2331,7
3969,7
4836,7
1133,7
1147,7
2392,7
3566,7
4828,7
5643,7
2995,7
1440,7
6313,7
5057,7
1939,7
2796,7
2235,7
3568,7
2556,7
2492,7
5552,7
2886,7
4702,7
5194,7
3912,7
4599,7
6273,7
1408,7
4465,7
4230,7
5128,7
5237,7
3161,7
4904,7
6302,7
2178,7
4328,7
3421,7
6351,7
4270,7
2599,7
4480,7
4426,7
3617,7
2325,7
2451,7
5106,7
4427,7
2249,7
2709,7
5644,7
5272,7
2438,7
1008,7
875,7
947,7
6012,7
5326,7
2215,7
265,7
1066,7
6336,7
5507,7
1010,7
6439,7
4903,7
4553,7
1405,7
6253,7
2427,7
6013,7
1459,7
6005,7
6198,7
5765,7
5728,7
3066,7
5918,7
1070,7
3823,7
1031,7
4073,7
4685,7
4257,7
3892,7
2194,7
6263,7
4412,7
3888,7
4216,7
3286,7
5642,7
5193,7
5265,7
205,7
1075,7
2880,7
2390,7
4956,7
5574,7
3829,7
3536,7
2526,7
4469,7
5176,7
1759,7
2830,7
4269,7
375,7
2999,7
442,7
5593,7
5255,7
1810,7
5596,7
5062,7
4319,7
2151,7
6399,7
339,7
1157,7
584,7
290,7
5581,7
2977,7
2852,7
5137,7
1841,7
1534,7
2173,7
5649,7
1002,7
1398,7
657,7
2674,7
5291,7
4120,7
4847,7
5091,7
4190,7
5562,7
896,7
3320,7
5220,7
2987,7
1973,7
583,7
279,7
3570,7
5595,7
230,7
5758,7
4516,7
1989,7
6171,7
3895,7
2149,7
3027,7
4225,7
5504,7
2381,7
4500,7
5115,7
2186,7
2239,7
6173,7
2841,7
5757,7
2515,7
1988,7
4273,7
5569,7
3102,7
5104,7
4766,7
1907,7
4885,7
2371,7
502,7
997,7
1979,7
3806,7
5866,7
4593,7
6422,7
4444,7
1726,7
6252,7
3915,7
3361,7
2973,7
938,7
4870,7
4692,7
453,7
972,7
5610,7
2387,7
5047,7
4217,7
2557,7
6294,7
2285,7
5278,7
3152,7
4590,7
3873,7
334,7
3202,7
2529,7
1949,7
5508,7
2113,7
6355,7
4602,7
1976,7
444,7
645,7
1208,7
5360,7
855,7
4585,7
4905,7
1856,7
1963,7
953,7
6486,7
1813,7
2039,7
3952,7
807,7
2300,7
2637,7
3283,7
4801,7
4871,7
4795,7
1081,7
1477,7
3430,7
2170,7
2958,7
5414,7
6469,7
2775,7
4972,7
6220,7
2949,7
5914,7
913,7
2679,7
4980,7
4265,7
946,7
5098,7
2904,7
2560,7
4181,7
5340,7
1693,7
1620,7
4698,7
6293,7
4076,7
2820,7
5474,7
5823,7
4154,7
2154,7
6008,7
902,7
37,7
4157,7
3181,7
4203,7
2454,7
2950,7
4332,7
1205,7
2577,7
5463,7
4113,7
3773,7
2800,7
4670,7
5275,7
1544,7
5268,7
4284,7
1846,7
2970,7
4917,7
2278,7
1003,7
943,7
2542,7
5245,7
3242,7
3844,7
4848,7
3608,7
3130,7
1614,7
1132,7
1201,7
4884,7
4908,7
1035,7
4789,7
4838,7
2153,7
1494,7
1888,7
5197,7
2150,7
5189,7
6214,7
5806,7
1466,7
5428,7
6296,7
4592,7
1451,7
4968,7
5099,7
5756,7
2980,7
5257,7
5561,7
2669,7
1007,7
5076,7
1056,7
1156,7
4924,7
2474,7
586,7
488,7
2499,7
2367,7
1067,7
2572,7
2314,7
5503,7
6462,7
430,7
2842,7
1000,7
5514,7
6011,7
4117,7
5452,7
5450,7
5748,7
2402,7
2792,7
4756,7
3153,7
3784,7
283,7
2671,7
5281,7
3588,7
2588,7
5343,7
243,7
2979,7
6174,7
1950,7
4886,7
2607,7
1068,7
4762,7
2924,7
3770,7
4578,7
2619,7
3428,7
5826,7
6400,7
5013,7
335,7
5521,7
1737,7
2704,7
5018,7
3769,7
5783,7
4562,7
128,7
513,7
4408,7
1938,7
2761,7
4761,7
2037,7
4911,7
3261,7
5050,7
4271,7
2887,7
797,7
1892,7
3385,7
2519,7
1150,7
4843,7
2837,7
3893,7
3206,7
5155,7
1160,7
4274,7
3991,7
3413,7
4511,7
200,7
4114,7
4413,7
318,7
2696,7
4473,7
4798,7
2598,7
951,7
3551,7
2090,7
5327,7
5185,7
3467,7
4398,7
4492,7
4133,7
2964,7
4070,7
4651,7
5319,7
5703,7
5292,7
4589,7
5116,7
948,7
358,7
5041,7
2490,7
4757,7
3869,7
5223,7
2885,7
504,7
3519,7
2276,7
62,7
6446,7
3774,7
1628,7
3241,7
6158,7
2442,7
1038,7
1475,7
5235,7
4601,7
4695,7
4321,7
3415,7
898,7
2817,8
4542,8
5932,8
4875,8
4375,8
5271,8
5280,8
2685,8
4564,8
267,8
3264,8
5088,8
4852,8
1667,8
2033,8
4402,8
4773,8
2815,8
5259,8
3941,8
2322,8
4985,8
2506,8
1621,8
2443,8
5936,8
3582,8
2714,8
2271,8
390,8
1879,8
1787,8
3002,8
2436,8
4629,8
5353,8
1880,8
5683,8
1549,8
1757,8
481,8
1758,8
2209,8
2041,8
828,8
1854,8
3988,8
3001,8
2435,8
2736,8
1449,8
5075,8
4668,8
3011,8
3396,8
4772,8
2935,8
2466,8
5083,8
4373,8
4661,8
4394,8
1910,8
495,8
3932,8
3981,8
5069,8
2444,8
1202,8
5256,8
2197,8
2523,8
4262,8
5067,8
6401,8
2865,8
5263,8
3314,8
5935,8
2735,8
5531,8
4530,8
4977,8
2694,8
3231,8
3093,8
5794,8
5934,8
3103,8
4456,8
2947,8
3092,8
5079,8
2905,8
4472,8
4121,8
4890,8
4525,8
5288,8
4990,8
5717,8
1929,8
3322,8
3218,8
2786,8
2378,8
3983,8
1673,8
2705,8
2621,8
4595,8
5931,8
2943,8
6365,8
2224,8
1090,8
5072,8
4489,8
4851,8
2398,8
5933,8
1061,8
4403,8
6364,8
4349,8
2818,8
498,8
3989,8
3581,8
2944,8
5939,8
6386,8
1120,8
3579,8
278,8
4352,8
4900,8
3005,8
1619,8
455,8
2882,8
2478,8
4521,8
3897,8
4862,8
1403,8
4628,8
5060,8
4771,8
4347,8
588,8
5266,8
6385,8
440,8
1269,8
2475,9
2419,9
3204,9
2426,9
